Points_0,Points_1,Points_2,U_0,U_1,U_2,U_Magnitude
-0.03175,0.05,0,0,0,0,0
-0.0316865,0.05,0,0.000121808,0.0612088,-3.14448e-09,0.0612089
-0.031623,0.05,0,0.000243609,0.122414,-6.28878e-09,0.122414
-0.0315595,0.05,0,0.000365417,0.183623,-9.43326e-09,0.183623
-0.031496,0.05,0,0.000487225,0.244831,-1.25777e-08,0.244832
-0.0314325,0.05,0,0.000609026,0.306037,-1.5722e-08,0.306037
-0.031369,0.05,0,0.000730834,0.367245,-1.88665e-08,0.367246
-0.0313055,0.05,0,0.000852642,0.428454,-2.2011e-08,0.428455
-0.031242,0.05,0,0.000974443,0.489659,-2.51553e-08,0.48966
-0.0311785,0.05,0,0.00109625,0.550868,-2.82998e-08,0.550869
-0.031115,0.05,0,0.00121806,0.612075,-3.14442e-08,0.612076
-0.0310515,0.05,0,0.00133986,0.673282,-3.45885e-08,0.673283
-0.030988,0.05,0,0.00146167,0.734491,-3.7733e-08,0.734492
-0.0309245,0.05,0,0.00158347,0.795698,-4.08774e-08,0.795699
-0.030861,0.05,0,0.00170528,0.856905,-4.40218e-08,0.856906
-0.0307975,0.05,0,0.00182708,0.918114,-4.71663e-08,0.918115
-0.030734,0.05,0,0.00190583,0.957569,-4.91084e-08,0.95757
-0.0306705,0.05,0,0.00191274,0.960738,-4.9045e-08,0.96074
-0.030607,0.05,0,0.00191965,0.963907,-4.89816e-08,0.963909
-0.0305435,0.05,0,0.00192656,0.967076,-4.89181e-08,0.967078
-0.03048,0.05,0,0.00193347,0.970245,-4.88547e-08,0.970247
-0.0304165,0.05,0,0.00194038,0.973414,-4.87913e-08,0.973416
-0.030353,0.05,0,0.00194729,0.976584,-4.87278e-08,0.976586
-0.0302895,0.05,0,0.00195419,0.979753,-4.86644e-08,0.979755
-0.030226,0.05,0,0.0019611,0.982922,-4.8601e-08,0.982924
-0.0301625,0.05,0,0.00196801,0.986091,-4.85375e-08,0.986093
-0.030099,0.05,0,0.00197492,0.98926,-4.84741e-08,0.989262
-0.0300355,0.05,0,0.00198183,0.99243,-4.84107e-08,0.992432
-0.029972,0.05,0,0.00198874,0.995599,-4.83473e-08,0.995601
-0.0299085,0.05,0,0.00199565,0.998768,-4.82838e-08,0.99877
-0.029845,0.05,0,0.00200256,1.00194,-4.82204e-08,1.00194
-0.0297815,0.05,0,0.00200947,1.00511,-4.8157e-08,1.00511
-0.029718,0.05,0,0.00200704,1.00599,-4.81036e-08,1.00599
-0.0296545,0.05,0,0.00200148,1.0061,-4.80537e-08,1.0061
-0.029591,0.05,0,0.00199593,1.00621,-4.80037e-08,1.00622
-0.0295275,0.05,0,0.00199037,1.00633,-4.79537e-08,1.00633
-0.029464,0.05,0,0.00198481,1.00644,-4.79037e-08,1.00645
-0.0294005,0.05,0,0.00197926,1.00656,-4.78538e-08,1.00656
-0.029337,0.05,0,0.0019737,1.00667,-4.78038e-08,1.00667
-0.0292735,0.05,0,0.00196815,1.00679,-4.77538e-08,1.00679
-0.02921,0.05,0,0.00196259,1.0069,-4.77039e-08,1.0069
-0.0291465,0.05,0,0.00195704,1.00702,-4.76539e-08,1.00702
-0.029083,0.05,0,0.00195148,1.00713,-4.76039e-08,1.00713
-0.0290195,0.05,0,0.00194592,1.00724,-4.7554e-08,1.00725
-0.028956,0.05,0,0.00194037,1.00736,-4.7504e-08,1.00736
-0.0288925,0.05,0,0.00193481,1.00747,-4.7454e-08,1.00748
-0.028829,0.05,0,0.00192926,1.00759,-4.74041e-08,1.00759
-0.0287655,0.05,0,0.0019238,1.00768,-4.73432e-08,1.00769
-0.028702,0.05,0,0.00191907,1.00766,-4.72067e-08,1.00767
-0.0286385,0.05,0,0.00191433,1.00764,-4.70701e-08,1.00764
-0.028575,0.05,0,0.0019096,1.00762,-4.69336e-08,1.00762
-0.0285115,0.05,0,0.00190486,1.0076,-4.67971e-08,1.0076
-0.028448,0.05,0,0.00190013,1.00758,-4.66606e-08,1.00758
-0.0283845,0.05,0,0.00189539,1.00756,-4.65241e-08,1.00756
-0.028321,0.05,0,0.00189066,1.00753,-4.63876e-08,1.00754
-0.0282575,0.05,0,0.00188592,1.00751,-4.6251e-08,1.00752
-0.028194,0.05,0,0.00188119,1.00749,-4.61145e-08,1.00749
-0.0281305,0.05,0,0.00187645,1.00747,-4.5978e-08,1.00747
-0.028067,0.05,0,0.00187171,1.00745,-4.58415e-08,1.00745
-0.0280035,0.05,0,0.00186698,1.00743,-4.5705e-08,1.00743
-0.02794,0.05,0,0.00186224,1.00741,-4.55685e-08,1.00741
-0.0278765,0.05,0,0.00185751,1.00738,-4.54319e-08,1.00739
-0.027813,0.05,0,0.00185277,1.00736,-4.52954e-08,1.00736
-0.0277495,0.05,0,0.00184725,1.00734,-4.51639e-08,1.00734
-0.027686,0.05,0,0.00184093,1.00732,-4.50373e-08,1.00732
-0.0276225,0.05,0,0.00183462,1.0073,-4.49106e-08,1.00731
-0.027559,0.05,0,0.00182831,1.00728,-4.4784e-08,1.00729
-0.0274955,0.05,0,0.00182199,1.00726,-4.46574e-08,1.00727
-0.027432,0.05,0,0.00181568,1.00724,-4.45308e-08,1.00725
-0.0273685,0.05,0,0.00180936,1.00722,-4.44042e-08,1.00723
-0.027305,0.05,0,0.00180305,1.0072,-4.42776e-08,1.00721
-0.0272415,0.05,0,0.00179674,1.00719,-4.4151e-08,1.00719
-0.027178,0.05,0,0.00179042,1.00717,-4.40244e-08,1.00717
-0.0271145,0.05,0,0.00178411,1.00715,-4.38977e-08,1.00715
-0.027051,0.05,0,0.00177779,1.00713,-4.37711e-08,1.00713
-0.0269875,0.05,0,0.00177148,1.00711,-4.36445e-08,1.00711
-0.026924,0.05,0,0.00176517,1.00709,-4.35179e-08,1.00709
-0.0268605,0.05,0,0.00175885,1.00707,-4.33913e-08,1.00707
-0.026797,0.05,0,0.00175254,1.00705,-4.32647e-08,1.00705
-0.0267335,0.05,0,0.00174514,1.00703,-4.32593e-08,1.00703
-0.02667,0.05,0,0.00173759,1.00701,-4.3271e-08,1.00701
-0.0266065,0.05,0,0.00173004,1.00699,-4.32828e-08,1.007
-0.026543,0.05,0,0.00172249,1.00698,-4.32946e-08,1.00698
-0.0264795,0.05,0,0.00171494,1.00696,-4.33064e-08,1.00696
-0.026416,0.05,0,0.00170739,1.00694,-4.33182e-08,1.00694
-0.0263525,0.05,0,0.00169984,1.00692,-4.333e-08,1.00693
-0.026289,0.05,0,0.00169229,1.00691,-4.33418e-08,1.00691
-0.0262255,0.05,0,0.00168474,1.00689,-4.33536e-08,1.00689
-0.026162,0.05,0,0.00167719,1.00687,-4.33654e-08,1.00687
-0.0260985,0.05,0,0.00166964,1.00685,-4.33772e-08,1.00686
-0.026035,0.05,0,0.00166209,1.00684,-4.3389e-08,1.00684
-0.0259715,0.05,0,0.00165454,1.00682,-4.34007e-08,1.00682
-0.025908,0.05,0,0.00164699,1.0068,-4.34125e-08,1.0068
-0.0258445,0.05,0,0.00163944,1.00678,-4.34243e-08,1.00678
-0.025781,0.05,0,0.00163266,1.00677,-4.34178e-08,1.00677
-0.0257175,0.05,0,0.00162815,1.00676,-4.33572e-08,1.00676
-0.025654,0.05,0,0.00162363,1.00675,-4.32967e-08,1.00675
-0.0255905,0.05,0,0.00161912,1.00674,-4.32362e-08,1.00674
-0.025527,0.05,0,0.00161461,1.00673,-4.31756e-08,1.00673
-0.0254635,0.05,0,0.0016101,1.00672,-4.31151e-08,1.00672
-0.0254,0.05,0,0.00160558,1.00671,-4.30546e-08,1.00672
-0.0253365,0.05,0,0.00160107,1.0067,-4.29941e-08,1.00671
-0.025273,0.05,0,0.00159656,1.0067,-4.29335e-08,1.0067
-0.0252095,0.05,0,0.00159205,1.00669,-4.2873e-08,1.00669
-0.025146,0.05,0,0.00158753,1.00668,-4.28125e-08,1.00668
-0.0250825,0.05,0,0.00158302,1.00667,-4.27519e-08,1.00667
-0.025019,0.05,0,0.00157851,1.00666,-4.26914e-08,1.00666
-0.0249555,0.05,0,0.001574,1.00665,-4.26309e-08,1.00665
-0.024892,0.05,0,0.00156948,1.00664,-4.25703e-08,1.00664
-0.0248285,0.05,0,0.00156497,1.00663,-4.25098e-08,1.00663
-0.024765,0.05,0,0.00156046,1.00662,-4.24493e-08,1.00662
-0.0247015,0.05,0,0.00155595,1.00661,-4.23887e-08,1.00662
-0.024638,0.05,0,0.00155143,1.00661,-4.23282e-08,1.00661
-0.0245745,0.05,0,0.00154692,1.0066,-4.22677e-08,1.0066
-0.024511,0.05,0,0.00154241,1.00659,-4.22071e-08,1.00659
-0.0244475,0.05,0,0.0015379,1.00658,-4.21466e-08,1.00658
-0.024384,0.05,0,0.00153339,1.00657,-4.20861e-08,1.00657
-0.0243205,0.05,0,0.00152887,1.00656,-4.20255e-08,1.00656
-0.024257,0.05,0,0.00152436,1.00655,-4.1965e-08,1.00655
-0.0241935,0.05,0,0.00151985,1.00654,-4.19045e-08,1.00654
-0.02413,0.05,0,0.00151534,1.00653,-4.1844e-08,1.00653
-0.0240665,0.05,0,0.00151082,1.00652,-4.17834e-08,1.00653
-0.024003,0.05,0,0.00150631,1.00652,-4.17229e-08,1.00652
-0.0239395,0.05,0,0.0015018,1.00651,-4.16624e-08,1.00651
-0.023876,0.05,0,0.00149729,1.0065,-4.16018e-08,1.0065
-0.0238125,0.05,0,0.00149277,1.00649,-4.1539e-08,1.00649
-0.023749,0.05,0,0.00148796,1.00648,-4.12726e-08,1.00648
-0.0236855,0.05,0,0.00148315,1.00647,-4.10061e-08,1.00647
-0.023622,0.05,0,0.00147834,1.00646,-4.07396e-08,1.00647
-0.0235585,0.05,0,0.00147353,1.00646,-4.04732e-08,1.00646
-0.023495,0.05,0,0.00146871,1.00645,-4.02067e-08,1.00645
-0.0234315,0.05,0,0.0014639,1.00644,-3.99403e-08,1.00644
-0.023368,0.05,0,0.00145909,1.00643,-3.96738e-08,1.00643
-0.0233045,0.05,0,0.00145428,1.00642,-3.94074e-08,1.00643
-0.023241,0.05,0,0.00144947,1.00642,-3.91409e-08,1.00642
-0.0231775,0.05,0,0.00144466,1.00641,-3.88744e-08,1.00641
-0.023114,0.05,0,0.00143985,1.0064,-3.8608e-08,1.0064
-0.0230505,0.05,0,0.00143504,1.00639,-3.83415e-08,1.00639
-0.022987,0.05,0,0.00143023,1.00638,-3.80751e-08,1.00638
-0.0229235,0.05,0,0.00142541,1.00638,-3.78086e-08,1.00638
-0.02286,0.05,0,0.0014206,1.00637,-3.75421e-08,1.00637
-0.0227965,0.05,0,0.00141579,1.00636,-3.72757e-08,1.00636
-0.022733,0.05,0,0.00141098,1.00635,-3.70092e-08,1.00635
-0.0226695,0.05,0,0.00140617,1.00634,-3.67428e-08,1.00634
-0.022606,0.05,0,0.00140136,1.00634,-3.64763e-08,1.00634
-0.0225425,0.05,0,0.00139655,1.00633,-3.62098e-08,1.00633
-0.022479,0.05,0,0.00139174,1.00632,-3.59434e-08,1.00632
-0.0224155,0.05,0,0.00138692,1.00631,-3.56769e-08,1.00631
-0.022352,0.05,0,0.00138211,1.0063,-3.54105e-08,1.0063
-0.0222885,0.05,0,0.0013773,1.00629,-3.5144e-08,1.0063
-0.022225,0.05,0,0.00137249,1.00629,-3.48775e-08,1.00629
-0.0221615,0.05,0,0.00136768,1.00628,-3.46111e-08,1.00628
-0.022098,0.05,0,0.00136287,1.00627,-3.43446e-08,1.00627
-0.0220345,0.05,0,0.00135806,1.00626,-3.40782e-08,1.00626
-0.021971,0.05,0,0.00135325,1.00625,-3.38117e-08,1.00626
-0.0219075,0.05,0,0.00134844,1.00625,-3.35452e-08,1.00625
-0.021844,0.05,0,0.00134363,1.00624,-3.32788e-08,1.00624
-0.0217805,0.05,0,0.00133759,1.00623,-3.28478e-08,1.00623
-0.021717,0.05,0,0.00133119,1.00623,-3.23685e-08,1.00623
-0.0216535,0.05,0,0.00132479,1.00622,-3.18892e-08,1.00622
-0.02159,0.05,0,0.00131839,1.00621,-3.14099e-08,1.00621
-0.0215265,0.05,0,0.00131199,1.00621,-3.09306e-08,1.00621
-0.021463,0.05,0,0.00130559,1.0062,-3.04513e-08,1.0062
-0.0213995,0.05,0,0.00129919,1.00619,-2.9972e-08,1.0062
-0.021336,0.05,0,0.00129279,1.00619,-2.94927e-08,1.00619
-0.0212725,0.05,0,0.00128639,1.00618,-2.90134e-08,1.00618
-0.021209,0.05,0,0.00127999,1.00618,-2.85341e-08,1.00618
-0.0211455,0.05,0,0.00127359,1.00617,-2.80548e-08,1.00617
-0.021082,0.05,0,0.00126719,1.00616,-2.75755e-08,1.00616
-0.0210185,0.05,0,0.00126079,1.00616,-2.70962e-08,1.00616
-0.020955,0.05,0,0.0012544,1.00615,-2.66169e-08,1.00615
-0.0208915,0.05,0,0.001248,1.00614,-2.61376e-08,1.00615
-0.020828,0.05,0,0.0012416,1.00614,-2.56583e-08,1.00614
-0.0207645,0.05,0,0.0012352,1.00613,-2.5179e-08,1.00613
-0.020701,0.05,0,0.0012288,1.00613,-2.46997e-08,1.00613
-0.0206375,0.05,0,0.0012224,1.00612,-2.42204e-08,1.00612
-0.020574,0.05,0,0.001216,1.00611,-2.37411e-08,1.00611
-0.0205105,0.05,0,0.0012096,1.00611,-2.32618e-08,1.00611
-0.020447,0.05,0,0.0012032,1.0061,-2.27825e-08,1.0061
-0.0203835,0.05,0,0.0011968,1.00609,-2.23033e-08,1.0061
-0.02032,0.05,0,0.0011904,1.00609,-2.1824e-08,1.00609
-0.0202565,0.05,0,0.001184,1.00608,-2.13447e-08,1.00608
-0.020193,0.05,0,0.0011776,1.00608,-2.08654e-08,1.00608
-0.0201295,0.05,0,0.0011712,1.00607,-2.03861e-08,1.00607
-0.020066,0.05,0,0.00116481,1.00606,-1.99068e-08,1.00606
-0.0200025,0.05,0,0.00115841,1.00606,-1.94275e-08,1.00606
-0.019939,0.05,0,0.00115201,1.00605,-1.89482e-08,1.00605
-0.0198755,0.05,0,0.00114561,1.00605,-1.84689e-08,1.00605
-0.019812,0.05,0,0.0011398,1.00604,-1.78578e-08,1.00604
-0.0197485,0.05,0,0.00113448,1.00604,-1.71367e-08,1.00604
-0.019685,0.05,0,0.00112917,1.00603,-1.64156e-08,1.00603
-0.0196215,0.05,0,0.00112385,1.00603,-1.56944e-08,1.00603
-0.019558,0.05,0,0.00111854,1.00602,-1.49733e-08,1.00602
-0.0194945,0.05,0,0.00111322,1.00602,-1.42522e-08,1.00602
-0.019431,0.05,0,0.00110791,1.00601,-1.35311e-08,1.00601
-0.0193675,0.05,0,0.00110259,1.00601,-1.28099e-08,1.00601
-0.019304,0.05,0,0.00109728,1.006,-1.20888e-08,1.006
-0.0192405,0.05,0,0.00109196,1.006,-1.13677e-08,1.006
-0.019177,0.05,0,0.00108665,1.00599,-1.06466e-08,1.00599
-0.0191135,0.05,0,0.00108133,1.00599,-9.92544e-09,1.00599
-0.01905,0.05,0,0.00107602,1.00599,-9.2043e-09,1.00599
-0.0189865,0.05,0,0.0010707,1.00598,-8.48318e-09,1.00598
-0.018923,0.05,0,0.00106539,1.00598,-7.76206e-09,1.00598
-0.0188595,0.05,0,0.00106007,1.00597,-7.04092e-09,1.00597
-0.018796,0.05,0,0.00105476,1.00597,-6.3198e-09,1.00597
-0.0187325,0.05,0,0.00104944,1.00596,-5.59868e-09,1.00596
-0.018669,0.05,0,0.00104413,1.00596,-4.87754e-09,1.00596
-0.0186055,0.05,0,0.00103881,1.00595,-4.15642e-09,1.00595
-0.018542,0.05,0,0.0010335,1.00595,-3.4353e-09,1.00595
-0.0184785,0.05,0,0.00102818,1.00594,-2.71416e-09,1.00594
-0.018415,0.05,0,0.00102287,1.00594,-1.99304e-09,1.00594
-0.0183515,0.05,0,0.00101755,1.00594,-1.27192e-09,1.00594
-0.018288,0.05,0,0.00101224,1.00593,-5.508e-10,1.00593
-0.0182245,0.05,0,0.00100692,1.00593,1.70341e-10,1.00593
-0.018161,0.05,0,0.00100161,1.00592,8.91461e-10,1.00592
-0.0180975,0.05,0,0.000996292,1.00592,1.61258e-09,1.00592
-0.018034,0.05,0,0.000990976,1.00591,2.33372e-09,1.00591
-0.0179705,0.05,0,0.000985661,1.00591,3.05484e-09,1.00591
-0.017907,0.05,0,0.000980346,1.0059,3.77596e-09,1.0059
-0.0178435,0.05,0,0.000974595,1.0059,4.76481e-09,1.0059
-0.01778,0.05,0,0.000967963,1.0059,6.29543e-09,1.0059
-0.0177165,0.05,0,0.00096133,1.00589,7.82605e-09,1.00589
-0.017653,0.05,0,0.000954697,1.00589,9.35666e-09,1.00589
-0.0175895,0.05,0,0.000948065,1.00589,1.08873e-08,1.00589
-0.017526,0.05,0,0.000941432,1.00588,1.24179e-08,1.00588
-0.0174625,0.05,0,0.000934799,1.00588,1.39486e-08,1.00588
-0.017399,0.05,0,0.000928166,1.00588,1.54792e-08,1.00588
-0.0173355,0.05,0,0.000921534,1.00587,1.70098e-08,1.00587
-0.017272,0.05,0,0.000914901,1.00587,1.85405e-08,1.00587
-0.0172085,0.05,0,0.000908268,1.00587,2.00711e-08,1.00587
-0.017145,0.05,0,0.000901636,1.00586,2.16017e-08,1.00586
-0.0170815,0.05,0,0.000895003,1.00586,2.31324e-08,1.00586
-0.017018,0.05,0,0.00088837,1.00586,2.4663e-08,1.00586
-0.0169545,0.05,0,0.000881738,1.00585,2.61937e-08,1.00585
-0.016891,0.05,0,0.000875105,1.00585,2.77243e-08,1.00585
-0.0168275,0.05,0,0.000868472,1.00585,2.92549e-08,1.00585
-0.016764,0.05,0,0.00086184,1.00584,3.07856e-08,1.00584
-0.0167005,0.05,0,0.000855207,1.00584,3.23162e-08,1.00584
-0.016637,0.05,0,0.000848574,1.00584,3.38468e-08,1.00584
-0.0165735,0.05,0,0.000841941,1.00583,3.53775e-08,1.00583
-0.01651,0.05,0,0.000835309,1.00583,3.69081e-08,1.00583
-0.0164465,0.05,0,0.000828676,1.00583,3.84387e-08,1.00583
-0.016383,0.05,0,0.000822043,1.00582,3.99694e-08,1.00582
-0.0163195,0.05,0,0.000815411,1.00582,4.15e-08,1.00582
-0.016256,0.05,0,0.000808778,1.00582,4.30306e-08,1.00582
-0.0161925,0.05,0,0.000802145,1.00581,4.45612e-08,1.00581
-0.016129,0.05,0,0.000795513,1.00581,4.60919e-08,1.00581
-0.0160655,0.05,0,0.00078888,1.00581,4.76225e-08,1.00581
-0.016002,0.05,0,0.000782247,1.0058,4.91531e-08,1.0058
-0.0159385,0.05,0,0.000775614,1.0058,5.06838e-08,1.0058
-0.015875,0.05,0,0.000769067,1.0058,5.22703e-08,1.0058
-0.0158115,0.05,0,0.000763037,1.0058,5.41954e-08,1.0058
-0.015748,0.05,0,0.000757007,1.00579,5.61205e-08,1.00579
-0.0156845,0.05,0,0.000750976,1.00579,5.80455e-08,1.00579
-0.015621,0.05,0,0.000744946,1.00579,5.99705e-08,1.00579
-0.0155575,0.05,0,0.000738916,1.00579,6.18956e-08,1.00579
-0.015494,0.05,0,0.000732885,1.00578,6.38207e-08,1.00578
-0.0154305,0.05,0,0.000726855,1.00578,6.57457e-08,1.00578
-0.015367,0.05,0,0.000720825,1.00578,6.76708e-08,1.00578
-0.0153035,0.05,0,0.000714795,1.00578,6.95959e-08,1.00578
-0.01524,0.05,0,0.000708764,1.00578,7.15209e-08,1.00578
-0.0151765,0.05,0,0.000702734,1.00577,7.3446e-08,1.00577
-0.015113,0.05,0,0.000696704,1.00577,7.53711e-08,1.00577
-0.0150495,0.05,0,0.000690674,1.00577,7.72961e-08,1.00577
-0.014986,0.05,0,0.000684643,1.00577,7.92212e-08,1.00577
-0.0149225,0.05,0,0.000678613,1.00577,8.11463e-08,1.00577
-0.014859,0.05,0,0.000672583,1.00576,8.30713e-08,1.00576
-0.0147955,0.05,0,0.000666553,1.00576,8.49964e-08,1.00576
-0.014732,0.05,0,0.000660522,1.00576,8.69215e-08,1.00576
-0.0146685,0.05,0,0.000654492,1.00576,8.88465e-08,1.00576
-0.014605,0.05,0,0.000648462,1.00576,9.07716e-08,1.00576
-0.0145415,0.05,0,0.000642431,1.00575,9.26967e-08,1.00575
-0.014478,0.05,0,0.000636401,1.00575,9.46217e-08,1.00575
-0.0144145,0.05,0,0.000630371,1.00575,9.65468e-08,1.00575
-0.014351,0.05,0,0.000624341,1.00575,9.84719e-08,1.00575
-0.0142875,0.05,0,0.00061831,1.00575,1.00397e-07,1.00575
-0.014224,0.05,0,0.00061228,1.00574,1.02322e-07,1.00574
-0.0141605,0.05,0,0.00060625,1.00574,1.04247e-07,1.00574
-0.014097,0.05,0,0.00060022,1.00574,1.06172e-07,1.00574
-0.0140335,0.05,0,0.000594189,1.00574,1.08097e-07,1.00574
-0.01397,0.05,0,0.000588159,1.00573,1.10022e-07,1.00573
-0.0139065,0.05,0,0.000582129,1.00573,1.11947e-07,1.00573
-0.013843,0.05,0,0.000574548,1.00573,1.17892e-07,1.00573
-0.0137795,0.05,0,0.000566955,1.00573,1.23868e-07,1.00573
-0.013716,0.05,0,0.000559362,1.00573,1.29845e-07,1.00573
-0.0136525,0.05,0,0.000551769,1.00573,1.35821e-07,1.00573
-0.013589,0.05,0,0.000544176,1.00573,1.41797e-07,1.00573
-0.0135255,0.05,0,0.000536584,1.00573,1.47774e-07,1.00573
-0.013462,0.05,0,0.000528991,1.00573,1.5375e-07,1.00573
-0.0133985,0.05,0,0.000521398,1.00573,1.59727e-07,1.00573
-0.013335,0.05,0,0.000513805,1.00573,1.65703e-07,1.00573
-0.0132715,0.05,0,0.000506212,1.00572,1.71679e-07,1.00572
-0.013208,0.05,0,0.000498619,1.00572,1.77656e-07,1.00572
-0.0131445,0.05,0,0.000491026,1.00572,1.83632e-07,1.00572
-0.013081,0.05,0,0.000483433,1.00572,1.89609e-07,1.00572
-0.0130175,0.05,0,0.00047584,1.00572,1.95585e-07,1.00572
-0.012954,0.05,0,0.000468247,1.00572,2.01561e-07,1.00572
-0.0128905,0.05,0,0.000460654,1.00572,2.07538e-07,1.00572
-0.012827,0.05,0,0.000453062,1.00572,2.13514e-07,1.00572
-0.0127635,0.05,0,0.000445469,1.00572,2.19491e-07,1.00572
-0.0127,0.05,0,0.000437876,1.00572,2.25467e-07,1.00572
-0.0126365,0.05,0,0.000430283,1.00572,2.31443e-07,1.00572
-0.012573,0.05,0,0.00042269,1.00572,2.3742e-07,1.00572
-0.0125095,0.05,0,0.000415097,1.00571,2.43396e-07,1.00571
-0.012446,0.05,0,0.000407504,1.00571,2.49373e-07,1.00571
-0.0123825,0.05,0,0.000399911,1.00571,2.55349e-07,1.00571
-0.012319,0.05,0,0.000392318,1.00571,2.61325e-07,1.00571
-0.0122555,0.05,0,0.000384725,1.00571,2.67302e-07,1.00571
-0.012192,0.05,0,0.000377133,1.00571,2.73278e-07,1.00571
-0.0121285,0.05,0,0.00036954,1.00571,2.79255e-07,1.00571
-0.012065,0.05,0,0.000361947,1.00571,2.85231e-07,1.00571
-0.0120015,0.05,0,0.000354354,1.00571,2.91207e-07,1.00571
-0.011938,0.05,0,0.000346761,1.00571,2.97184e-07,1.00571
-0.0118745,0.05,0,0.000339658,1.00571,3.03278e-07,1.00571
-0.011811,0.05,0,0.000332607,1.00571,3.09385e-07,1.00571
-0.0117475,0.05,0,0.000325557,1.00571,3.15493e-07,1.00571
-0.011684,0.05,0,0.000318507,1.00571,3.216e-07,1.00571
-0.0116205,0.05,0,0.000311456,1.00571,3.27707e-07,1.00571
-0.011557,0.05,0,0.000304406,1.00571,3.33814e-07,1.00571
-0.0114935,0.05,0,0.000297356,1.00571,3.39921e-07,1.00571
-0.01143,0.05,0,0.000290306,1.00571,3.46029e-07,1.00571
-0.0113665,0.05,0,0.000283255,1.00571,3.52136e-07,1.00571
-0.011303,0.05,0,0.000276205,1.00572,3.58243e-07,1.00572
-0.0112395,0.05,0,0.000269155,1.00572,3.6435e-07,1.00572
-0.011176,0.05,0,0.000262105,1.00572,3.70457e-07,1.00572
-0.0111125,0.05,0,0.000255054,1.00572,3.76565e-07,1.00572
-0.011049,0.05,0,0.000248004,1.00572,3.82672e-07,1.00572
-0.0109855,0.05,0,0.000240954,1.00572,3.88779e-07,1.00572
-0.010922,0.05,0,0.000233903,1.00572,3.94886e-07,1.00572
-0.0108585,0.05,0,0.000226853,1.00572,4.00993e-07,1.00572
-0.010795,0.05,0,0.000219803,1.00572,4.07101e-07,1.00572
-0.0107315,0.05,0,0.000212753,1.00572,4.13208e-07,1.00572
-0.010668,0.05,0,0.000205702,1.00572,4.19315e-07,1.00572
-0.0106045,0.05,0,0.000198652,1.00572,4.25422e-07,1.00572
-0.010541,0.05,0,0.000191602,1.00573,4.31529e-07,1.00573
-0.0104775,0.05,0,0.000184551,1.00573,4.37637e-07,1.00573
-0.010414,0.05,0,0.000177501,1.00573,4.43744e-07,1.00573
-0.0103505,0.05,0,0.000170451,1.00573,4.49851e-07,1.00573
-0.010287,0.05,0,0.000163401,1.00573,4.55958e-07,1.00573
-0.0102235,0.05,0,0.00015635,1.00573,4.62066e-07,1.00573
-0.01016,0.05,0,0.0001493,1.00573,4.68173e-07,1.00573
-0.0100965,0.05,0,0.00014225,1.00573,4.7428e-07,1.00573
-0.010033,0.05,0,0.000135199,1.00573,4.80387e-07,1.00573
-0.0099695,0.05,0,0.000128149,1.00573,4.86494e-07,1.00573
-0.009906,0.05,0,0.000119692,1.00573,5.07182e-07,1.00573
-0.0098425,0.05,0,0.000111082,1.00574,5.29459e-07,1.00574
-0.009779,0.05,0,0.000102472,1.00574,5.51736e-07,1.00574
-0.0097155,0.05,0,9.38621e-05,1.00574,5.74014e-07,1.00574
-0.009652,0.05,0,8.5252e-05,1.00574,5.96291e-07,1.00574
-0.0095885,0.05,0,7.6642e-05,1.00574,6.18568e-07,1.00574
-0.009525,0.05,0,6.80318e-05,1.00575,6.40846e-07,1.00575
-0.0094615,0.05,0,5.94218e-05,1.00575,6.63123e-07,1.00575
-0.009398,0.05,0,5.08116e-05,1.00575,6.854e-07,1.00575
-0.0093345,0.05,0,4.22015e-05,1.00575,7.07678e-07,1.00575
-0.009271,0.05,0,3.35915e-05,1.00575,7.29955e-07,1.00575
-0.0092075,0.05,0,2.49813e-05,1.00575,7.52232e-07,1.00575
-0.009144,0.05,0,1.63713e-05,1.00576,7.74509e-07,1.00576
-0.0090805,0.05,0,7.76115e-06,1.00576,7.96787e-07,1.00576
-0.009017,0.05,0,-8.48995e-07,1.00576,8.19064e-07,1.00576
-0.0089535,0.05,0,-9.45902e-06,1.00576,8.41341e-07,1.00576
-0.00889,0.05,0,-1.80692e-05,1.00576,8.63618e-07,1.00576
-0.0088265,0.05,0,-2.66792e-05,1.00577,8.85896e-07,1.00577
-0.008763,0.05,0,-3.52893e-05,1.00577,9.08173e-07,1.00577
-0.0086995,0.05,0,-4.38995e-05,1.00577,9.3045e-07,1.00577
-0.008636,0.05,0,-5.25095e-05,1.00577,9.52727e-07,1.00577
-0.0085725,0.05,0,-6.11197e-05,1.00577,9.75005e-07,1.00577
-0.008509,0.05,0,-6.97298e-05,1.00577,9.97282e-07,1.00577
-0.0084455,0.05,0,-7.83398e-05,1.00578,1.01956e-06,1.00578
-0.008382,0.05,0,-8.695e-05,1.00578,1.04184e-06,1.00578
-0.0083185,0.05,0,-9.556e-05,1.00578,1.06411e-06,1.00578
-0.008255,0.05,0,-0.00010417,1.00578,1.08639e-06,1.00578
-0.0081915,0.05,0,-0.00011278,1.00578,1.10867e-06,1.00578
-0.008128,0.05,0,-0.00012139,1.00579,1.13095e-06,1.00579
-0.0080645,0.05,0,-0.00013,1.00579,1.15322e-06,1.00579
-0.008001,0.05,0,-0.000138843,1.00579,1.17787e-06,1.00579
-0.0079375,0.05,0,-0.000153998,1.00579,1.26689e-06,1.00579
-0.007874,0.05,0,-0.000169153,1.0058,1.35591e-06,1.0058
-0.0078105,0.05,0,-0.000184308,1.00581,1.44493e-06,1.00581
-0.007747,0.05,0,-0.000199464,1.00581,1.53395e-06,1.00581
-0.0076835,0.05,0,-0.000214619,1.00582,1.62297e-06,1.00582
-0.00762,0.05,0,-0.000229774,1.00582,1.71199e-06,1.00582
-0.0075565,0.05,0,-0.000244929,1.00583,1.80101e-06,1.00583
-0.007493,0.05,0,-0.000260084,1.00583,1.89003e-06,1.00583
-0.0074295,0.05,0,-0.00027524,1.00584,1.97905e-06,1.00584
-0.007366,0.05,0,-0.000290395,1.00584,2.06807e-06,1.00584
-0.0073025,0.05,0,-0.00030555,1.00585,2.15709e-06,1.00585
-0.007239,0.05,0,-0.000320705,1.00586,2.24611e-06,1.00586
-0.0071755,0.05,0,-0.000335861,1.00586,2.33513e-06,1.00586
-0.007112,0.05,0,-0.000351016,1.00587,2.42415e-06,1.00587
-0.0070485,0.05,0,-0.000366171,1.00587,2.51317e-06,1.00587
-0.006985,0.05,0,-0.000381297,1.00588,2.57896e-06,1.00588
-0.0069215,0.05,0,-0.00039641,1.00589,2.63504e-06,1.00589
-0.006858,0.05,0,-0.000411524,1.0059,2.69113e-06,1.0059
-0.0067945,0.05,0,-0.000426638,1.0059,2.74721e-06,1.0059
-0.006731,0.05,0,-0.000441751,1.00591,2.8033e-06,1.00591
-0.0066675,0.05,0,-0.000456865,1.00592,2.85939e-06,1.00592
-0.006604,0.05,0,-0.000471979,1.00593,2.91547e-06,1.00593
-0.0065405,0.05,0,-0.000487092,1.00594,2.97156e-06,1.00594
-0.006477,0.05,0,-0.000502206,1.00595,3.02765e-06,1.00595
-0.0064135,0.05,0,-0.00051732,1.00595,3.08373e-06,1.00595
-0.00635,0.05,0,-0.000532433,1.00596,3.13982e-06,1.00596
-0.0062865,0.05,0,-0.000547547,1.00597,3.1959e-06,1.00597
-0.006223,0.05,0,-0.000562661,1.00598,3.25199e-06,1.00598
-0.0061595,0.05,0,-0.000577774,1.00599,3.30808e-06,1.00599
-0.006096,0.05,0,-0.000592888,1.00599,3.36416e-06,1.006
-0.0060325,0.05,0,-0.000608317,1.006,3.52927e-06,1.006
-0.005969,0.05,0,-0.000624023,1.00601,3.79023e-06,1.00601
-0.0059055,0.05,0,-0.000639729,1.00601,4.05119e-06,1.00601
-0.005842,0.05,0,-0.000655435,1.00602,4.31215e-06,1.00602
-0.0057785,0.05,0,-0.000671141,1.00602,4.57312e-06,1.00602
-0.005715,0.05,0,-0.000686847,1.00603,4.83408e-06,1.00603
-0.0056515,0.05,0,-0.000702553,1.00603,5.09504e-06,1.00603
-0.005588,0.05,0,-0.000718259,1.00604,5.356e-06,1.00604
-0.0055245,0.05,0,-0.000733965,1.00604,5.61696e-06,1.00604
-0.005461,0.05,0,-0.000749671,1.00604,5.87793e-06,1.00605
-0.0053975,0.05,0,-0.000765377,1.00605,6.13889e-06,1.00605
-0.005334,0.05,0,-0.000781083,1.00605,6.39985e-06,1.00605
-0.0052705,0.05,0,-0.000796789,1.00606,6.66081e-06,1.00606
-0.005207,0.05,0,-0.000812495,1.00606,6.92178e-06,1.00606
-0.0051435,0.05,0,-0.000828202,1.00607,7.18274e-06,1.00607
-0.00508,0.05,0,-0.000849267,1.00595,7.35849e-06,1.00595
-0.0050165,0.05,0,-0.00087435,1.00575,7.47037e-06,1.00575
-0.004953,0.05,0,-0.000899432,1.00555,7.58224e-06,1.00555
-0.0048895,0.05,0,-0.000924515,1.00534,7.69412e-06,1.00534
-0.004826,0.05,0,-0.000949598,1.00514,7.80599e-06,1.00514
-0.0047625,0.05,0,-0.000974681,1.00493,7.91787e-06,1.00493
-0.004699,0.05,0,-0.000999763,1.00473,8.02974e-06,1.00473
-0.0046355,0.05,0,-0.00102485,1.00452,8.14162e-06,1.00452
-0.004572,0.05,0,-0.00104993,1.00432,8.25349e-06,1.00432
-0.0045085,0.05,0,-0.00107501,1.00411,8.36537e-06,1.00411
-0.004445,0.05,0,-0.00110009,1.00391,8.47724e-06,1.00391
-0.0043815,0.05,0,-0.00112518,1.0037,8.58912e-06,1.00371
-0.004318,0.05,0,-0.00115026,1.0035,8.701e-06,1.0035
-0.0042545,0.05,0,-0.00117534,1.0033,8.81287e-06,1.0033
-0.004191,0.05,0,-0.00120043,1.00309,8.92475e-06,1.00309
-0.0041275,0.05,0,-0.0012145,0.99913,9.05852e-06,0.999131
-0.004064,0.05,0,-0.00122737,0.994756,9.1947e-06,0.994757
-0.0040005,0.05,0,-0.00124024,0.990382,9.33089e-06,0.990383
-0.003937,0.05,0,-0.00125311,0.986009,9.46707e-06,0.986009
-0.0038735,0.05,0,-0.00126598,0.981635,9.60325e-06,0.981635
-0.00381,0.05,0,-0.00127885,0.977261,9.73944e-06,0.977262
-0.0037465,0.05,0,-0.00129171,0.972887,9.87562e-06,0.972888
-0.003683,0.05,0,-0.00130458,0.968513,1.00118e-05,0.968514
-0.0036195,0.05,0,-0.00131745,0.964139,1.0148e-05,0.96414
-0.003556,0.05,0,-0.00133032,0.959765,1.02842e-05,0.959766
-0.0034925,0.05,0,-0.00134319,0.955391,1.04204e-05,0.955392
-0.003429,0.05,0,-0.00135606,0.951017,1.05565e-05,0.951018
-0.0033655,0.05,0,-0.00136892,0.946643,1.06927e-05,0.946644
-0.003302,0.05,0,-0.00138179,0.942269,1.08289e-05,0.94227
-0.0032385,0.05,0,-0.00131307,0.891086,1.0302e-05,0.891087
-0.003175,0.05,0,-0.00120098,0.81502,9.42256e-06,0.81502
-0.0031115,0.05,0,-0.0010889,0.738953,8.54315e-06,0.738954
-0.003048,0.05,0,-0.000976807,0.662887,7.66373e-06,0.662887
-0.0029845,0.05,0,-0.000864718,0.58682,6.78431e-06,0.586821
-0.002921,0.05,0,-0.000752629,0.510754,5.9049e-06,0.510754
-0.0028575,0.05,0,-0.00064054,0.434687,5.02548e-06,0.434688
-0.002794,0.05,0,-0.000528451,0.358621,4.14607e-06,0.358621
-0.0027305,0.05,0,-0.000416363,0.282555,3.26666e-06,0.282555
-0.002667,0.05,0,-0.000304273,0.206488,2.38724e-06,0.206488
-0.0026035,0.05,0,-0.000192185,0.130422,1.50782e-06,0.130422
-0.00254,0.05,0,-8.00957e-05,0.0543551,6.28407e-07,0.0543551
-0.0024765,0.05,0,nan,nan,nan,nan
-0.002413,0.05,0,nan,nan,nan,nan
-0.0023495,0.05,0,nan,nan,nan,nan
-0.002286,0.05,0,nan,nan,nan,nan
-0.0022225,0.05,0,nan,nan,nan,nan
-0.002159,0.05,0,nan,nan,nan,nan
-0.0020955,0.05,0,nan,nan,nan,nan
-0.002032,0.05,0,nan,nan,nan,nan
-0.0019685,0.05,0,nan,nan,nan,nan
-0.001905,0.05,0,nan,nan,nan,nan
-0.0018415,0.05,0,nan,nan,nan,nan
-0.001778,0.05,0,nan,nan,nan,nan
-0.0017145,0.05,0,nan,nan,nan,nan
-0.001651,0.05,0,nan,nan,nan,nan
-0.0015875,0.05,0,nan,nan,nan,nan
-0.001524,0.05,0,nan,nan,nan,nan
-0.0014605,0.05,0,nan,nan,nan,nan
-0.001397,0.05,0,nan,nan,nan,nan
-0.0013335,0.05,0,nan,nan,nan,nan
-0.00127,0.05,0,nan,nan,nan,nan
-0.0012065,0.05,0,nan,nan,nan,nan
-0.001143,0.05,0,nan,nan,nan,nan
-0.0010795,0.05,0,nan,nan,nan,nan
-0.001016,0.05,0,nan,nan,nan,nan
-0.0009525,0.05,0,nan,nan,nan,nan
-0.000889,0.05,0,nan,nan,nan,nan
-0.0008255,0.05,0,nan,nan,nan,nan
-0.000762,0.05,0,nan,nan,nan,nan
-0.0006985,0.05,0,nan,nan,nan,nan
-0.000635,0.05,0,nan,nan,nan,nan
-0.0005715,0.05,0,nan,nan,nan,nan
-0.000508,0.05,0,nan,nan,nan,nan
-0.0004445,0.05,0,nan,nan,nan,nan
-0.000381,0.05,0,nan,nan,nan,nan
-0.0003175,0.05,0,nan,nan,nan,nan
-0.000254,0.05,0,nan,nan,nan,nan
-0.0001905,0.05,0,nan,nan,nan,nan
-0.000127,0.05,0,nan,nan,nan,nan
-6.35e-05,0.05,0,nan,nan,nan,nan
0,0.05,0,nan,nan,nan,nan
6.35e-05,0.05,0,nan,nan,nan,nan
0.000127,0.05,0,nan,nan,nan,nan
0.0001905,0.05,0,nan,nan,nan,nan
0.000254,0.05,0,nan,nan,nan,nan
0.0003175,0.05,0,nan,nan,nan,nan
0.000381,0.05,0,nan,nan,nan,nan
0.0004445,0.05,0,nan,nan,nan,nan
0.000508,0.05,0,nan,nan,nan,nan
0.0005715,0.05,0,nan,nan,nan,nan
0.000635,0.05,0,nan,nan,nan,nan
0.0006985,0.05,0,nan,nan,nan,nan
0.000762,0.05,0,nan,nan,nan,nan
0.0008255,0.05,0,nan,nan,nan,nan
0.000889,0.05,0,nan,nan,nan,nan
0.0009525,0.05,0,nan,nan,nan,nan
0.001016,0.05,0,nan,nan,nan,nan
0.0010795,0.05,0,nan,nan,nan,nan
0.001143,0.05,0,nan,nan,nan,nan
0.0012065,0.05,0,nan,nan,nan,nan
0.00127,0.05,0,nan,nan,nan,nan
0.0013335,0.05,0,nan,nan,nan,nan
0.001397,0.05,0,nan,nan,nan,nan
0.0014605,0.05,0,nan,nan,nan,nan
0.001524,0.05,0,nan,nan,nan,nan
0.0015875,0.05,0,nan,nan,nan,nan
0.001651,0.05,0,nan,nan,nan,nan
0.0017145,0.05,0,nan,nan,nan,nan
0.001778,0.05,0,nan,nan,nan,nan
0.0018415,0.05,0,nan,nan,nan,nan
0.001905,0.05,0,nan,nan,nan,nan
0.0019685,0.05,0,nan,nan,nan,nan
0.002032,0.05,0,nan,nan,nan,nan
0.0020955,0.05,0,nan,nan,nan,nan
0.002159,0.05,0,nan,nan,nan,nan
0.0022225,0.05,0,nan,nan,nan,nan
0.002286,0.05,0,nan,nan,nan,nan
0.0023495,0.05,0,nan,nan,nan,nan
0.002413,0.05,0,nan,nan,nan,nan
0.0024765,0.05,0,nan,nan,nan,nan
0.00254,0.05,0,8.03567e-05,0.0543875,2.76015e-07,0.0543875
0.0026035,0.05,0,0.000192748,0.130457,6.62066e-07,0.130457
0.002667,0.05,0,0.000305139,0.206526,1.04812e-06,0.206526
0.0027305,0.05,0,0.000417531,0.282595,1.43417e-06,0.282596
0.002794,0.05,0,0.000529922,0.358664,1.82022e-06,0.358665
0.0028575,0.05,0,0.000642313,0.434733,2.20626e-06,0.434734
0.002921,0.05,0,0.000754704,0.510803,2.59232e-06,0.510803
0.0029845,0.05,0,0.000867095,0.586872,2.97837e-06,0.586873
0.003048,0.05,0,0.000979487,0.662941,3.36442e-06,0.662942
0.0031115,0.05,0,0.00109188,0.73901,3.75047e-06,0.739011
0.003175,0.05,0,0.00120427,0.81508,4.13652e-06,0.815081
0.0032385,0.05,0,0.00131666,0.891149,4.52257e-06,0.89115
0.003302,0.05,0,0.00138548,0.942311,4.68286e-06,0.942312
0.0033655,0.05,0,0.00137246,0.946683,4.41904e-06,0.946684
0.003429,0.05,0,0.00135943,0.951055,4.15523e-06,0.951056
0.0034925,0.05,0,0.0013464,0.955428,3.89141e-06,0.955429
0.003556,0.05,0,0.00133338,0.9598,3.6276e-06,0.959801
0.0036195,0.05,0,0.00132035,0.964172,3.36378e-06,0.964173
0.003683,0.05,0,0.00130733,0.968545,3.09997e-06,0.968546
0.0037465,0.05,0,0.0012943,0.972917,2.83615e-06,0.972918
0.00381,0.05,0,0.00128127,0.977289,2.57234e-06,0.97729
0.0038735,0.05,0,0.00126825,0.981662,2.30852e-06,0.981663
0.003937,0.05,0,0.00125522,0.986034,2.04471e-06,0.986035
0.0040005,0.05,0,0.0012422,0.990407,1.78089e-06,0.990407
0.004064,0.05,0,0.00122917,0.994779,1.51708e-06,0.99478
0.0041275,0.05,0,0.00121614,0.999151,1.25327e-06,0.999152
0.004191,0.05,0,0.00120192,1.00311,1.01245e-06,1.00311
0.0042545,0.05,0,0.00117687,1.00331,9.80594e-07,1.00331
0.004318,0.05,0,0.00115182,1.00352,9.48736e-07,1.00352
0.0043815,0.05,0,0.00112676,1.00372,9.16879e-07,1.00372
0.004445,0.05,0,0.00110171,1.00393,8.85021e-07,1.00393
0.0045085,0.05,0,0.00107666,1.00413,8.53164e-07,1.00413
0.004572,0.05,0,0.0010516,1.00433,8.21306e-07,1.00433
0.0046355,0.05,0,0.00102655,1.00454,7.89449e-07,1.00454
0.004699,0.05,0,0.0010015,1.00474,7.57591e-07,1.00474
0.0047625,0.05,0,0.000976444,1.00494,7.25734e-07,1.00495
0.004826,0.05,0,0.00095139,1.00515,6.93876e-07,1.00515
0.0048895,0.05,0,0.000926337,1.00535,6.62019e-07,1.00535
0.004953,0.05,0,0.000901283,1.00556,6.30161e-07,1.00556
0.0050165,0.05,0,0.00087623,1.00576,5.98304e-07,1.00576
0.00508,0.05,0,0.000851176,1.00596,5.66446e-07,1.00596
0.0051435,0.05,0,0.000830137,1.00608,5.45726e-07,1.00608
0.005207,0.05,0,0.000814447,1.00607,5.39848e-07,1.00607
0.0052705,0.05,0,0.000798758,1.00607,5.3397e-07,1.00607
0.005334,0.05,0,0.000783068,1.00606,5.28093e-07,1.00606
0.0053975,0.05,0,0.000767379,1.00606,5.22215e-07,1.00606
0.005461,0.05,0,0.000751689,1.00605,5.16337e-07,1.00605
0.0055245,0.05,0,0.000736,1.00605,5.1046e-07,1.00605
0.005588,0.05,0,0.00072031,1.00604,5.04582e-07,1.00604
0.0056515,0.05,0,0.000704621,1.00604,4.98704e-07,1.00604
0.005715,0.05,0,0.000688931,1.00603,4.92827e-07,1.00603
0.0057785,0.05,0,0.000673242,1.00603,4.86949e-07,1.00603
0.005842,0.05,0,0.000657552,1.00602,4.81071e-07,1.00602
0.0059055,0.05,0,0.000641863,1.00602,4.75194e-07,1.00602
0.005969,0.05,0,0.000626173,1.00601,4.69316e-07,1.00601
0.0060325,0.05,0,0.000610483,1.00601,4.63438e-07,1.00601
0.006096,0.05,0,0.000595036,1.006,4.53489e-07,1.006
0.0061595,0.05,0,0.000579863,1.00599,4.38911e-07,1.00599
0.006223,0.05,0,0.00056469,1.00599,4.24333e-07,1.00599
0.0062865,0.05,0,0.000549517,1.00598,4.09756e-07,1.00598
0.00635,0.05,0,0.000534344,1.00597,3.95178e-07,1.00597
0.0064135,0.05,0,0.000519172,1.00596,3.806e-07,1.00596
0.006477,0.05,0,0.000503999,1.00595,3.66023e-07,1.00595
0.0065405,0.05,0,0.000488826,1.00594,3.51445e-07,1.00594
0.006604,0.05,0,0.000473653,1.00594,3.36868e-07,1.00594
0.0066675,0.05,0,0.00045848,1.00593,3.2229e-07,1.00593
0.006731,0.05,0,0.000443308,1.00592,3.07712e-07,1.00592
0.0067945,0.05,0,0.000428135,1.00591,2.93135e-07,1.00591
0.006858,0.05,0,0.000412962,1.0059,2.78557e-07,1.0059
0.0069215,0.05,0,0.000397789,1.00589,2.6398e-07,1.00589
0.006985,0.05,0,0.000382617,1.00588,2.49402e-07,1.00588
0.0070485,0.05,0,0.000367447,1.00588,2.37213e-07,1.00588
0.007112,0.05,0,0.000352286,1.00587,2.30746e-07,1.00587
0.0071755,0.05,0,0.000337125,1.00587,2.24279e-07,1.00587
0.007239,0.05,0,0.000321964,1.00586,2.17811e-07,1.00586
0.0073025,0.05,0,0.000306803,1.00585,2.11344e-07,1.00585
0.007366,0.05,0,0.000291642,1.00585,2.04877e-07,1.00585
0.0074295,0.05,0,0.000276481,1.00584,1.9841e-07,1.00584
0.007493,0.05,0,0.00026132,1.00584,1.91943e-07,1.00584
0.0075565,0.05,0,0.000246159,1.00583,1.85475e-07,1.00583
0.00762,0.05,0,0.000230998,1.00582,1.79008e-07,1.00582
0.0076835,0.05,0,0.000215837,1.00582,1.72541e-07,1.00582
0.007747,0.05,0,0.000200676,1.00581,1.66074e-07,1.00581
0.0078105,0.05,0,0.000185515,1.00581,1.59607e-07,1.00581
0.007874,0.05,0,0.000170354,1.0058,1.53139e-07,1.0058
0.0079375,0.05,0,0.000155193,1.0058,1.46672e-07,1.0058
0.008001,0.05,0,0.000140032,1.00579,1.40205e-07,1.00579
0.0080645,0.05,0,0.000131173,1.00579,1.37339e-07,1.00579
0.008128,0.05,0,0.000122546,1.00579,1.34604e-07,1.00579
0.0081915,0.05,0,0.000113918,1.00578,1.31869e-07,1.00578
0.008255,0.05,0,0.00010529,1.00578,1.29135e-07,1.00578
0.0083185,0.05,0,9.66616e-05,1.00578,1.264e-07,1.00578
0.008382,0.05,0,8.80338e-05,1.00578,1.23665e-07,1.00578
0.0084455,0.05,0,7.94058e-05,1.00578,1.20931e-07,1.00578
0.008509,0.05,0,7.07779e-05,1.00578,1.18196e-07,1.00578
0.0085725,0.05,0,6.21499e-05,1.00577,1.15461e-07,1.00577
0.008636,0.05,0,5.35219e-05,1.00577,1.12727e-07,1.00577
0.0086995,0.05,0,4.4894e-05,1.00577,1.09992e-07,1.00577
0.008763,0.05,0,3.6266e-05,1.00577,1.07257e-07,1.00577
0.0088265,0.05,0,2.7638e-05,1.00577,1.04523e-07,1.00577
0.00889,0.05,0,1.90102e-05,1.00576,1.01788e-07,1.00576
0.0089535,0.05,0,1.03822e-05,1.00576,9.90533e-08,1.00576
0.009017,0.05,0,1.75431e-06,1.00576,9.63187e-08,1.00576
0.0090805,0.05,0,-6.87368e-06,1.00576,9.3584e-08,1.00576
0.009144,0.05,0,-1.55017e-05,1.00576,9.08494e-08,1.00576
0.0092075,0.05,0,-2.41295e-05,1.00575,8.81147e-08,1.00575
0.009271,0.05,0,-3.27575e-05,1.00575,8.53801e-08,1.00575
0.0093345,0.05,0,-4.13854e-05,1.00575,8.26454e-08,1.00575
0.009398,0.05,0,-5.00134e-05,1.00575,7.99107e-08,1.00575
0.0094615,0.05,0,-5.86414e-05,1.00575,7.71761e-08,1.00575
0.009525,0.05,0,-6.72693e-05,1.00575,7.44414e-08,1.00575
0.0095885,0.05,0,-7.58973e-05,1.00574,7.17068e-08,1.00574
0.009652,0.05,0,-8.45251e-05,1.00574,6.89721e-08,1.00574
0.0097155,0.05,0,-9.31531e-05,1.00574,6.62375e-08,1.00574
0.009779,0.05,0,-0.000101781,1.00574,6.35028e-08,1.00574
0.0098425,0.05,0,-0.000110409,1.00574,6.07681e-08,1.00574
0.009906,0.05,0,-0.000119037,1.00573,5.80335e-08,1.00573
0.0099695,0.05,0,-0.00012751,1.00573,5.55881e-08,1.00573
0.010033,0.05,0,-0.000134564,1.00573,5.57912e-08,1.00573
0.0100965,0.05,0,-0.000141619,1.00573,5.59942e-08,1.00573
0.01016,0.05,0,-0.000148673,1.00573,5.61972e-08,1.00573
0.0102235,0.05,0,-0.000155728,1.00573,5.64003e-08,1.00573
0.010287,0.05,0,-0.000162782,1.00573,5.66033e-08,1.00573
0.0103505,0.05,0,-0.000169837,1.00573,5.68063e-08,1.00573
0.010414,0.05,0,-0.000176891,1.00573,5.70094e-08,1.00573
0.0104775,0.05,0,-0.000183946,1.00573,5.72124e-08,1.00573
0.010541,0.05,0,-0.000191,1.00573,5.74155e-08,1.00573
0.0106045,0.05,0,-0.000198055,1.00573,5.76185e-08,1.00573
0.010668,0.05,0,-0.000205109,1.00572,5.78215e-08,1.00572
0.0107315,0.05,0,-0.000212164,1.00572,5.80246e-08,1.00572
0.010795,0.05,0,-0.000219218,1.00572,5.82276e-08,1.00572
0.0108585,0.05,0,-0.000226273,1.00572,5.84306e-08,1.00572
0.010922,0.05,0,-0.000233327,1.00572,5.86337e-08,1.00572
0.0109855,0.05,0,-0.000240382,1.00572,5.88367e-08,1.00572
0.011049,0.05,0,-0.000247436,1.00572,5.90398e-08,1.00572
0.0111125,0.05,0,-0.000254491,1.00572,5.92428e-08,1.00572
0.011176,0.05,0,-0.000261545,1.00572,5.94458e-08,1.00572
0.0112395,0.05,0,-0.0002686,1.00572,5.96489e-08,1.00572
0.011303,0.05,0,-0.000275654,1.00572,5.98519e-08,1.00572
0.0113665,0.05,0,-0.000282709,1.00572,6.00549e-08,1.00572
0.01143,0.05,0,-0.000289763,1.00572,6.0258e-08,1.00572
0.0114935,0.05,0,-0.000296817,1.00572,6.0461e-08,1.00572
0.011557,0.05,0,-0.000303872,1.00571,6.06641e-08,1.00571
0.0116205,0.05,0,-0.000310926,1.00571,6.08671e-08,1.00571
0.011684,0.05,0,-0.000317981,1.00571,6.10701e-08,1.00571
0.0117475,0.05,0,-0.000325035,1.00571,6.12732e-08,1.00571
0.011811,0.05,0,-0.00033209,1.00571,6.14762e-08,1.00571
0.0118745,0.05,0,-0.000339144,1.00571,6.16793e-08,1.00571
0.011938,0.05,0,-0.000346252,1.00571,6.16567e-08,1.00571
0.0120015,0.05,0,-0.00035385,1.00571,5.95497e-08,1.00571
0.012065,0.05,0,-0.000361448,1.00571,5.74428e-08,1.00571
0.0121285,0.05,0,-0.000369046,1.00571,5.53358e-08,1.00571
0.012192,0.05,0,-0.000376644,1.00571,5.32288e-08,1.00571
0.0122555,0.05,0,-0.000384242,1.00571,5.11219e-08,1.00571
0.012319,0.05,0,-0.00039184,1.00571,4.90149e-08,1.00572
0.0123825,0.05,0,-0.000399438,1.00572,4.69079e-08,1.00572
0.012446,0.05,0,-0.000407036,1.00572,4.4801e-08,1.00572
0.0125095,0.05,0,-0.000414634,1.00572,4.2694e-08,1.00572
0.012573,0.05,0,-0.000422232,1.00572,4.05871e-08,1.00572
0.0126365,0.05,0,-0.00042983,1.00572,3.84801e-08,1.00572
0.0127,0.05,0,-0.000437428,1.00572,3.63731e-08,1.00572
0.0127635,0.05,0,-0.000445026,1.00572,3.42662e-08,1.00572
0.012827,0.05,0,-0.000452624,1.00572,3.21592e-08,1.00572
0.0128905,0.05,0,-0.000460222,1.00572,3.00523e-08,1.00572
0.012954,0.05,0,-0.00046782,1.00572,2.79453e-08,1.00572
0.0130175,0.05,0,-0.000475418,1.00572,2.58383e-08,1.00572
0.013081,0.05,0,-0.000483015,1.00572,2.37314e-08,1.00572
0.0131445,0.05,0,-0.000490614,1.00573,2.16244e-08,1.00573
0.013208,0.05,0,-0.000498211,1.00573,1.95174e-08,1.00573
0.0132715,0.05,0,-0.000505809,1.00573,1.74105e-08,1.00573
0.013335,0.05,0,-0.000513407,1.00573,1.53035e-08,1.00573
0.0133985,0.05,0,-0.000521005,1.00573,1.31965e-08,1.00573
0.013462,0.05,0,-0.000528603,1.00573,1.10896e-08,1.00573
0.0135255,0.05,0,-0.000536201,1.00573,8.9826e-09,1.00573
0.013589,0.05,0,-0.000543799,1.00573,6.87565e-09,1.00573
0.0136525,0.05,0,-0.000551397,1.00573,4.76867e-09,1.00573
0.013716,0.05,0,-0.000558995,1.00573,2.66173e-09,1.00573
0.0137795,0.05,0,-0.000566593,1.00573,5.54753e-10,1.00573
0.013843,0.05,0,-0.000574191,1.00573,-1.55222e-09,1.00573
0.0139065,0.05,0,-0.000581777,1.00574,-3.64377e-09,1.00574
0.01397,0.05,0,-0.00058781,1.00574,-3.79597e-09,1.00574
0.0140335,0.05,0,-0.000593842,1.00574,-3.94817e-09,1.00574
0.014097,0.05,0,-0.000599875,1.00574,-4.10036e-09,1.00574
0.0141605,0.05,0,-0.000605908,1.00574,-4.25256e-09,1.00574
0.014224,0.05,0,-0.00061194,1.00575,-4.40476e-09,1.00575
0.0142875,0.05,0,-0.000617973,1.00575,-4.55695e-09,1.00575
0.014351,0.05,0,-0.000624006,1.00575,-4.70915e-09,1.00575
0.0144145,0.05,0,-0.000630038,1.00575,-4.86135e-09,1.00575
0.014478,0.05,0,-0.000636071,1.00575,-5.01354e-09,1.00575
0.0145415,0.05,0,-0.000642103,1.00576,-5.16574e-09,1.00576
0.014605,0.05,0,-0.000648136,1.00576,-5.31794e-09,1.00576
0.0146685,0.05,0,-0.000654169,1.00576,-5.47013e-09,1.00576
0.014732,0.05,0,-0.000660201,1.00576,-5.62233e-09,1.00576
0.0147955,0.05,0,-0.000666234,1.00576,-5.77453e-09,1.00576
0.014859,0.05,0,-0.000672267,1.00577,-5.92672e-09,1.00577
0.0149225,0.05,0,-0.000678299,1.00577,-6.07892e-09,1.00577
0.014986,0.05,0,-0.000684332,1.00577,-6.23111e-09,1.00577
0.0150495,0.05,0,-0.000690365,1.00577,-6.38331e-09,1.00577
0.015113,0.05,0,-0.000696397,1.00577,-6.53551e-09,1.00577
0.0151765,0.05,0,-0.00070243,1.00578,-6.68771e-09,1.00578
0.01524,0.05,0,-0.000708463,1.00578,-6.8399e-09,1.00578
0.0153035,0.05,0,-0.000714495,1.00578,-6.9921e-09,1.00578
0.015367,0.05,0,-0.000720528,1.00578,-7.1443e-09,1.00578
0.0154305,0.05,0,-0.000726561,1.00578,-7.29649e-09,1.00578
0.015494,0.05,0,-0.000732593,1.00579,-7.44869e-09,1.00579
0.0155575,0.05,0,-0.000738626,1.00579,-7.60089e-09,1.00579
0.015621,0.05,0,-0.000744659,1.00579,-7.75308e-09,1.00579
0.0156845,0.05,0,-0.000750691,1.00579,-7.90528e-09,1.00579
0.015748,0.05,0,-0.000756724,1.00579,-8.05747e-09,1.00579
0.0158115,0.05,0,-0.000762757,1.0058,-8.20967e-09,1.0058
0.015875,0.05,0,-0.000768789,1.0058,-8.36187e-09,1.0058
0.0159385,0.05,0,-0.000775339,1.0058,-9.02156e-09,1.0058
0.016002,0.05,0,-0.000781975,1.0058,-9.76508e-09,1.0058
0.0160655,0.05,0,-0.000788611,1.00581,-1.05086e-08,1.00581
0.016129,0.05,0,-0.000795246,1.00581,-1.12521e-08,1.00581
0.0161925,0.05,0,-0.000801882,1.00581,-1.19956e-08,1.00581
0.016256,0.05,0,-0.000808518,1.00582,-1.27391e-08,1.00582
0.0163195,0.05,0,-0.000815153,1.00582,-1.34826e-08,1.00582
0.016383,0.05,0,-0.000821789,1.00582,-1.42261e-08,1.00582
0.0164465,0.05,0,-0.000828425,1.00583,-1.49696e-08,1.00583
0.01651,0.05,0,-0.00083506,1.00583,-1.57131e-08,1.00583
0.0165735,0.05,0,-0.000841696,1.00583,-1.64566e-08,1.00583
0.016637,0.05,0,-0.000848332,1.00584,-1.72001e-08,1.00584
0.0167005,0.05,0,-0.000854967,1.00584,-1.79436e-08,1.00584
0.016764,0.05,0,-0.000861603,1.00584,-1.86871e-08,1.00584
0.0168275,0.05,0,-0.000868239,1.00585,-1.94307e-08,1.00585
0.016891,0.05,0,-0.000874874,1.00585,-2.01742e-08,1.00585
0.0169545,0.05,0,-0.00088151,1.00585,-2.09177e-08,1.00585
0.017018,0.05,0,-0.000888145,1.00586,-2.16612e-08,1.00586
0.0170815,0.05,0,-0.000894781,1.00586,-2.24047e-08,1.00586
0.017145,0.05,0,-0.000901417,1.00586,-2.31482e-08,1.00586
0.0172085,0.05,0,-0.000908052,1.00587,-2.38917e-08,1.00587
0.017272,0.05,0,-0.000914688,1.00587,-2.46352e-08,1.00587
0.0173355,0.05,0,-0.000921323,1.00587,-2.53787e-08,1.00587
0.017399,0.05,0,-0.000927959,1.00588,-2.61222e-08,1.00588
0.0174625,0.05,0,-0.000934595,1.00588,-2.68657e-08,1.00588
0.017526,0.05,0,-0.00094123,1.00588,-2.76092e-08,1.00588
0.0175895,0.05,0,-0.000947866,1.00589,-2.83527e-08,1.00589
0.017653,0.05,0,-0.000954502,1.00589,-2.90963e-08,1.00589
0.0177165,0.05,0,-0.000961137,1.00589,-2.98398e-08,1.00589
0.01778,0.05,0,-0.000967773,1.0059,-3.05833e-08,1.0059
0.0178435,0.05,0,-0.000974408,1.0059,-3.13268e-08,1.0059
0.017907,0.05,0,-0.000980161,1.0059,-3.16395e-08,1.0059
0.0179705,0.05,0,-0.000985477,1.00591,-3.17393e-08,1.00591
0.018034,0.05,0,-0.000990793,1.00591,-3.18391e-08,1.00591
0.0180975,0.05,0,-0.000996109,1.00592,-3.1939e-08,1.00592
0.018161,0.05,0,-0.00100143,1.00592,-3.20388e-08,1.00592
0.0182245,0.05,0,-0.00100674,1.00593,-3.21386e-08,1.00593
0.018288,0.05,0,-0.00101206,1.00593,-3.22385e-08,1.00593
0.0183515,0.05,0,-0.00101737,1.00594,-3.23383e-08,1.00594
0.018415,0.05,0,-0.00102269,1.00594,-3.24382e-08,1.00594
0.0184785,0.05,0,-0.00102801,1.00594,-3.2538e-08,1.00594
0.018542,0.05,0,-0.00103332,1.00595,-3.26378e-08,1.00595
0.0186055,0.05,0,-0.00103864,1.00595,-3.27377e-08,1.00595
0.018669,0.05,0,-0.00104395,1.00596,-3.28375e-08,1.00596
0.0187325,0.05,0,-0.00104927,1.00596,-3.29374e-08,1.00596
0.018796,0.05,0,-0.00105459,1.00597,-3.30372e-08,1.00597
0.0188595,0.05,0,-0.0010599,1.00597,-3.3137e-08,1.00597
0.018923,0.05,0,-0.00106522,1.00598,-3.32369e-08,1.00598
0.0189865,0.05,0,-0.00107053,1.00598,-3.33367e-08,1.00598
0.01905,0.05,0,-0.00107585,1.00599,-3.34365e-08,1.00599
0.0191135,0.05,0,-0.00108117,1.00599,-3.35364e-08,1.00599
0.019177,0.05,0,-0.00108648,1.00599,-3.36362e-08,1.00599
0.0192405,0.05,0,-0.0010918,1.006,-3.37361e-08,1.006
0.019304,0.05,0,-0.00109711,1.006,-3.38359e-08,1.006
0.0193675,0.05,0,-0.00110243,1.00601,-3.39357e-08,1.00601
0.019431,0.05,0,-0.00110775,1.00601,-3.40356e-08,1.00601
0.0194945,0.05,0,-0.00111306,1.00602,-3.41354e-08,1.00602
0.019558,0.05,0,-0.00111838,1.00602,-3.42352e-08,1.00602
0.0196215,0.05,0,-0.00112369,1.00603,-3.43351e-08,1.00603
0.019685,0.05,0,-0.00112901,1.00603,-3.44349e-08,1.00603
0.0197485,0.05,0,-0.00113433,1.00604,-3.45348e-08,1.00604
0.019812,0.05,0,-0.00113964,1.00604,-3.46346e-08,1.00604
0.0198755,0.05,0,-0.00114545,1.00605,-3.48115e-08,1.00605
0.019939,0.05,0,-0.00115185,1.00605,-3.50808e-08,1.00605
0.0200025,0.05,0,-0.00115825,1.00606,-3.53501e-08,1.00606
0.020066,0.05,0,-0.00116466,1.00606,-3.56193e-08,1.00606
0.0201295,0.05,0,-0.00117106,1.00607,-3.58886e-08,1.00607
0.020193,0.05,0,-0.00117746,1.00608,-3.61579e-08,1.00608
0.0202565,0.05,0,-0.00118386,1.00608,-3.64271e-08,1.00608
0.02032,0.05,0,-0.00119026,1.00609,-3.66964e-08,1.00609
0.0203835,0.05,0,-0.00119666,1.0061,-3.69656e-08,1.0061
0.020447,0.05,0,-0.00120306,1.0061,-3.72349e-08,1.0061
0.0205105,0.05,0,-0.00120946,1.00611,-3.75042e-08,1.00611
0.020574,0.05,0,-0.00121586,1.00611,-3.77734e-08,1.00611
0.0206375,0.05,0,-0.00122226,1.00612,-3.80427e-08,1.00612
0.020701,0.05,0,-0.00122867,1.00613,-3.83119e-08,1.00613
0.0207645,0.05,0,-0.00123507,1.00613,-3.85812e-08,1.00613
0.020828,0.05,0,-0.00124147,1.00614,-3.88505e-08,1.00614
0.0208915,0.05,0,-0.00124787,1.00615,-3.91197e-08,1.00615
0.020955,0.05,0,-0.00125427,1.00615,-3.9389e-08,1.00615
0.0210185,0.05,0,-0.00126067,1.00616,-3.96583e-08,1.00616
0.021082,0.05,0,-0.00126707,1.00616,-3.99275e-08,1.00616
0.0211455,0.05,0,-0.00127347,1.00617,-4.01968e-08,1.00617
0.021209,0.05,0,-0.00127987,1.00618,-4.0466e-08,1.00618
0.0212725,0.05,0,-0.00128627,1.00618,-4.07353e-08,1.00618
0.021336,0.05,0,-0.00129268,1.00619,-4.10046e-08,1.00619
0.0213995,0.05,0,-0.00129908,1.0062,-4.12738e-08,1.0062
0.021463,0.05,0,-0.00130548,1.0062,-4.15431e-08,1.0062
0.0215265,0.05,0,-0.00131188,1.00621,-4.18123e-08,1.00621
0.02159,0.05,0,-0.00131828,1.00621,-4.20816e-08,1.00621
0.0216535,0.05,0,-0.00132468,1.00622,-4.23509e-08,1.00622
0.021717,0.05,0,-0.00133108,1.00623,-4.26201e-08,1.00623
0.0217805,0.05,0,-0.00133748,1.00623,-4.28894e-08,1.00623
0.021844,0.05,0,-0.00134352,1.00624,-4.31227e-08,1.00624
0.0219075,0.05,0,-0.00134833,1.00625,-4.32335e-08,1.00625
0.021971,0.05,0,-0.00135315,1.00626,-4.33442e-08,1.00626
0.0220345,0.05,0,-0.00135796,1.00626,-4.3455e-08,1.00626
0.022098,0.05,0,-0.00136277,1.00627,-4.35658e-08,1.00627
0.0221615,0.05,0,-0.00136758,1.00628,-4.36765e-08,1.00628
0.022225,0.05,0,-0.00137239,1.00629,-4.37873e-08,1.00629
0.0222885,0.05,0,-0.0013772,1.0063,-4.38981e-08,1.0063
0.022352,0.05,0,-0.00138202,1.0063,-4.40088e-08,1.0063
0.0224155,0.05,0,-0.00138683,1.00631,-4.41196e-08,1.00631
0.022479,0.05,0,-0.00139164,1.00632,-4.42303e-08,1.00632
0.0225425,0.05,0,-0.00139645,1.00633,-4.43411e-08,1.00633
0.022606,0.05,0,-0.00140126,1.00634,-4.44519e-08,1.00634
0.0226695,0.05,0,-0.00140607,1.00634,-4.45626e-08,1.00635
0.022733,0.05,0,-0.00141089,1.00635,-4.46734e-08,1.00635
0.0227965,0.05,0,-0.0014157,1.00636,-4.47842e-08,1.00636
0.02286,0.05,0,-0.00142051,1.00637,-4.48949e-08,1.00637
0.0229235,0.05,0,-0.00142532,1.00638,-4.50057e-08,1.00638
0.022987,0.05,0,-0.00143013,1.00638,-4.51165e-08,1.00639
0.0230505,0.05,0,-0.00143494,1.00639,-4.52272e-08,1.00639
0.023114,0.05,0,-0.00143976,1.0064,-4.5338e-08,1.0064
0.0231775,0.05,0,-0.00144457,1.00641,-4.54488e-08,1.00641
0.023241,0.05,0,-0.00144938,1.00642,-4.55595e-08,1.00642
0.0233045,0.05,0,-0.00145419,1.00643,-4.56703e-08,1.00643
0.023368,0.05,0,-0.001459,1.00643,-4.5781e-08,1.00643
0.0234315,0.05,0,-0.00146381,1.00644,-4.58918e-08,1.00644
0.023495,0.05,0,-0.00146863,1.00645,-4.60026e-08,1.00645
0.0235585,0.05,0,-0.00147344,1.00646,-4.61133e-08,1.00646
0.023622,0.05,0,-0.00147825,1.00647,-4.62241e-08,1.00647
0.0236855,0.05,0,-0.00148306,1.00647,-4.63349e-08,1.00647
0.023749,0.05,0,-0.00148787,1.00648,-4.64456e-08,1.00648
0.0238125,0.05,0,-0.00149268,1.00649,-4.65564e-08,1.00649
0.023876,0.05,0,-0.0014972,1.0065,-4.65669e-08,1.0065
0.0239395,0.05,0,-0.00150171,1.00651,-4.65763e-08,1.00651
0.024003,0.05,0,-0.00150623,1.00652,-4.65858e-08,1.00652
0.0240665,0.05,0,-0.00151074,1.00653,-4.65952e-08,1.00653
0.02413,0.05,0,-0.00151525,1.00653,-4.66046e-08,1.00654
0.0241935,0.05,0,-0.00151977,1.00654,-4.6614e-08,1.00654
0.024257,0.05,0,-0.00152428,1.00655,-4.66235e-08,1.00655
0.0243205,0.05,0,-0.00152879,1.00656,-4.66329e-08,1.00656
0.024384,0.05,0,-0.00153331,1.00657,-4.66423e-08,1.00657
0.0244475,0.05,0,-0.00153782,1.00658,-4.66517e-08,1.00658
0.024511,0.05,0,-0.00154233,1.00659,-4.66611e-08,1.00659
0.0245745,0.05,0,-0.00154685,1.0066,-4.66706e-08,1.0066
0.024638,0.05,0,-0.00155136,1.00661,-4.668e-08,1.00661
0.0247015,0.05,0,-0.00155587,1.00662,-4.66894e-08,1.00662
0.024765,0.05,0,-0.00156039,1.00662,-4.66988e-08,1.00663
0.0248285,0.05,0,-0.0015649,1.00663,-4.67082e-08,1.00663
0.024892,0.05,0,-0.00156941,1.00664,-4.67177e-08,1.00664
0.0249555,0.05,0,-0.00157393,1.00665,-4.67271e-08,1.00665
0.025019,0.05,0,-0.00157844,1.00666,-4.67365e-08,1.00666
0.0250825,0.05,0,-0.00158295,1.00667,-4.67459e-08,1.00667
0.025146,0.05,0,-0.00158747,1.00668,-4.67553e-08,1.00668
0.0252095,0.05,0,-0.00159198,1.00669,-4.67648e-08,1.00669
0.025273,0.05,0,-0.00159649,1.0067,-4.67742e-08,1.0067
0.0253365,0.05,0,-0.00160101,1.00671,-4.67836e-08,1.00671
0.0254,0.05,0,-0.00160552,1.00671,-4.6793e-08,1.00672
0.0254635,0.05,0,-0.00161003,1.00672,-4.68025e-08,1.00672
0.025527,0.05,0,-0.00161455,1.00673,-4.68119e-08,1.00673
0.0255905,0.05,0,-0.00161906,1.00674,-4.68213e-08,1.00674
0.025654,0.05,0,-0.00162357,1.00675,-4.68307e-08,1.00675
0.0257175,0.05,0,-0.00162809,1.00676,-4.68401e-08,1.00676
0.025781,0.05,0,-0.0016326,1.00677,-4.68496e-08,1.00677
0.0258445,0.05,0,-0.00163938,1.00678,-4.67157e-08,1.00678
0.025908,0.05,0,-0.00164693,1.0068,-4.65332e-08,1.0068
0.0259715,0.05,0,-0.00165448,1.00682,-4.63507e-08,1.00682
0.026035,0.05,0,-0.00166203,1.00684,-4.61682e-08,1.00684
0.0260985,0.05,0,-0.00166958,1.00685,-4.59857e-08,1.00686
0.026162,0.05,0,-0.00167713,1.00687,-4.58032e-08,1.00687
0.0262255,0.05,0,-0.00168468,1.00689,-4.56208e-08,1.00689
0.026289,0.05,0,-0.00169223,1.00691,-4.54383e-08,1.00691
0.0263525,0.05,0,-0.00169978,1.00692,-4.52558e-08,1.00693
0.026416,0.05,0,-0.00170733,1.00694,-4.50733e-08,1.00694
0.0264795,0.05,0,-0.00171489,1.00696,-4.48908e-08,1.00696
0.026543,0.05,0,-0.00172244,1.00698,-4.47083e-08,1.00698
0.0266065,0.05,0,-0.00172999,1.00699,-4.45258e-08,1.007
0.02667,0.05,0,-0.00173754,1.00701,-4.43433e-08,1.00701
0.0267335,0.05,0,-0.00174509,1.00703,-4.41608e-08,1.00703
0.026797,0.05,0,-0.00175248,1.00705,-4.40144e-08,1.00705
0.0268605,0.05,0,-0.0017588,1.00707,-4.41224e-08,1.00707
0.026924,0.05,0,-0.00176511,1.00709,-4.42304e-08,1.00709
0.0269875,0.05,0,-0.00177143,1.00711,-4.43384e-08,1.00711
0.027051,0.05,0,-0.00177774,1.00713,-4.44464e-08,1.00713
0.0271145,0.05,0,-0.00178405,1.00715,-4.45544e-08,1.00715
0.027178,0.05,0,-0.00179037,1.00717,-4.46624e-08,1.00717
0.0272415,0.05,0,-0.00179668,1.00719,-4.47704e-08,1.00719
0.027305,0.05,0,-0.001803,1.0072,-4.48784e-08,1.00721
0.0273685,0.05,0,-0.00180931,1.00722,-4.49864e-08,1.00723
0.027432,0.05,0,-0.00181563,1.00724,-4.50944e-08,1.00725
0.0274955,0.05,0,-0.00182194,1.00726,-4.52024e-08,1.00727
0.027559,0.05,0,-0.00182825,1.00728,-4.53104e-08,1.00729
0.0276225,0.05,0,-0.00183457,1.0073,-4.54184e-08,1.00731
0.027686,0.05,0,-0.00184088,1.00732,-4.55264e-08,1.00732
0.0277495,0.05,0,-0.0018472,1.00734,-4.56344e-08,1.00734
0.027813,0.05,0,-0.00185272,1.00736,-4.57575e-08,1.00736
0.0278765,0.05,0,-0.00185746,1.00738,-4.58956e-08,1.00739
0.02794,0.05,0,-0.0018622,1.00741,-4.60337e-08,1.00741
0.0280035,0.05,0,-0.00186693,1.00743,-4.61718e-08,1.00743
0.028067,0.05,0,-0.00187167,1.00745,-4.63099e-08,1.00745
0.0281305,0.05,0,-0.00187641,1.00747,-4.6448e-08,1.00747
0.028194,0.05,0,-0.00188115,1.00749,-4.65861e-08,1.00749
0.0282575,0.05,0,-0.00188588,1.00751,-4.67242e-08,1.00752
0.028321,0.05,0,-0.00189062,1.00753,-4.68623e-08,1.00754
0.0283845,0.05,0,-0.00189536,1.00756,-4.70004e-08,1.00756
0.028448,0.05,0,-0.00190009,1.00758,-4.71385e-08,1.00758
0.0285115,0.05,0,-0.00190483,1.0076,-4.72767e-08,1.0076
0.028575,0.05,0,-0.00190957,1.00762,-4.74148e-08,1.00762
0.0286385,0.05,0,-0.0019143,1.00764,-4.75529e-08,1.00764
0.028702,0.05,0,-0.00191904,1.00766,-4.7691e-08,1.00767
0.0287655,0.05,0,-0.00192378,1.00768,-4.78291e-08,1.00769
0.028829,0.05,0,-0.00192923,1.00759,-4.78688e-08,1.00759
0.0288925,0.05,0,-0.00193479,1.00747,-4.78944e-08,1.00748
0.028956,0.05,0,-0.00194034,1.00736,-4.792e-08,1.00736
0.0290195,0.05,0,-0.0019459,1.00724,-4.79456e-08,1.00725
0.029083,0.05,0,-0.00195145,1.00713,-4.79712e-08,1.00713
0.0291465,0.05,0,-0.00195701,1.00702,-4.79967e-08,1.00702
0.02921,0.05,0,-0.00196257,1.0069,-4.80223e-08,1.0069
0.0292735,0.05,0,-0.00196812,1.00679,-4.80479e-08,1.00679
0.029337,0.05,0,-0.00197368,1.00667,-4.80735e-08,1.00667
0.0294005,0.05,0,-0.00197924,1.00656,-4.80991e-08,1.00656
0.029464,0.05,0,-0.00198479,1.00644,-4.81247e-08,1.00645
0.0295275,0.05,0,-0.00199035,1.00633,-4.81502e-08,1.00633
0.029591,0.05,0,-0.0019959,1.00621,-4.81758e-08,1.00622
0.0296545,0.05,0,-0.00200146,1.0061,-4.82014e-08,1.0061
0.029718,0.05,0,-0.00200702,1.00599,-4.8227e-08,1.00599
0.0297815,0.05,0,-0.00200945,1.00511,-4.8264e-08,1.00511
0.029845,0.05,0,-0.00200254,1.00194,-4.83353e-08,1.00194
0.0299085,0.05,0,-0.00199563,0.998768,-4.84066e-08,0.99877
0.029972,0.05,0,-0.00198872,0.995599,-4.84778e-08,0.995601
0.0300355,0.05,0,-0.00198181,0.99243,-4.85491e-08,0.992432
0.030099,0.05,0,-0.0019749,0.98926,-4.86204e-08,0.989262
0.0301625,0.05,0,-0.00196799,0.986091,-4.86917e-08,0.986093
0.030226,0.05,0,-0.00196108,0.982922,-4.87629e-08,0.982924
0.0302895,0.05,0,-0.00195417,0.979753,-4.88342e-08,0.979755
0.030353,0.05,0,-0.00194726,0.976584,-4.89055e-08,0.976586
0.0304165,0.05,0,-0.00194035,0.973414,-4.89768e-08,0.973416
0.03048,0.05,0,-0.00193344,0.970245,-4.9048e-08,0.970247
0.0305435,0.05,0,-0.00192653,0.967076,-4.91193e-08,0.967078
0.030607,0.05,0,-0.00191962,0.963907,-4.91906e-08,0.963909
0.0306705,0.05,0,-0.00191271,0.960738,-4.92619e-08,0.96074
0.030734,0.05,0,-0.0019058,0.957569,-4.93332e-08,0.95757
0.0307975,0.05,0,-0.00182706,0.918114,-4.73849e-08,0.918115
0.030861,0.05,0,-0.00170525,0.856905,-4.42258e-08,0.856906
0.0309245,0.05,0,-0.00158345,0.795698,-4.10668e-08,0.795699
0.030988,0.05,0,-0.00146165,0.734491,-3.79079e-08,0.734492
0.0310515,0.05,0,-0.00133984,0.673282,-3.47488e-08,0.673283
0.031115,0.05,0,-0.00121804,0.612075,-3.15899e-08,0.612076
0.0311785,0.05,0,-0.00109624,0.550868,-2.84309e-08,0.550869
0.031242,0.05,0,-0.00097443,0.489659,-2.52719e-08,0.48966
0.0313055,0.05,0,-0.000852631,0.428454,-2.2113e-08,0.428455
0.031369,0.05,0,-0.000730825,0.367245,-1.89539e-08,0.367246
0.0314325,0.05,0,-0.000609018,0.306037,-1.57949e-08,0.306037
0.031496,0.05,0,-0.000487219,0.244831,-1.2636e-08,0.244832
0.0315595,0.05,0,-0.000365412,0.183623,-9.47697e-09,0.183623
0.031623,0.05,0,-0.000243606,0.122414,-6.31792e-09,0.122414
0.0316865,0.05,0,-0.000121806,0.0612088,-3.15905e-09,0.0612089
0.03175,0.05,0,0,0,0,0
